model	task	template	fewshot	seed	postproc	timestamp	filename	spBLEU
bloom	flores_101_mt	flores-xglm-Arabic-English	1	1234	newline-cut-custom-truncate	2023-01-07T00_32_25	examples.model=bloom.task=flores_101_mt.templates=flores-xglm-Arabic-English.fewshot=1.seed=1234.timestamp=2023-01-07T00_32_25.newline-cut-custom-truncate.tsv	40.24	
bloom	flores_101_mt	flores-xglm-Arabic-English	1	1234	newline-cut	2023-01-07T00_32_25	examples.model=bloom.task=flores_101_mt.templates=flores-xglm-Arabic-English.fewshot=1.seed=1234.timestamp=2023-01-07T00_32_25.newline-cut.tsv	40.28	
bloom	flores_101_mt	flores-xglm-Arabic-English	1	1234		2023-01-07T00_32_25	examples.model=bloom.task=flores_101_mt.templates=flores-xglm-Arabic-English.fewshot=1.seed=1234.timestamp=2023-01-07T00_32_25.tsv	40.28	
bloom	flores_101_mt	flores-xglm-Arabic-French	1	1234	newline-cut-custom-truncate	2023-01-07T00_30_26	examples.model=bloom.task=flores_101_mt.templates=flores-xglm-Arabic-French.fewshot=1.seed=1234.timestamp=2023-01-07T00_30_26.newline-cut-custom-truncate.tsv	34.47	
bloom	flores_101_mt	flores-xglm-Arabic-French	1	1234	newline-cut	2023-01-07T00_30_26	examples.model=bloom.task=flores_101_mt.templates=flores-xglm-Arabic-French.fewshot=1.seed=1234.timestamp=2023-01-07T00_30_26.newline-cut.tsv	34.57	
bloom	flores_101_mt	flores-xglm-Arabic-French	1	1234		2023-01-07T00_30_26	examples.model=bloom.task=flores_101_mt.templates=flores-xglm-Arabic-French.fewshot=1.seed=1234.timestamp=2023-01-07T00_30_26.tsv	33.12	
bloom	flores_101_mt	flores-xglm-Arabic-Latin American Spanish	1	1234	newline-cut-custom-truncate	2023-01-07T00_37_18	examples.model=bloom.task=flores_101_mt.templates=flores-xglm-Arabic-Latin American Spanish.fewshot=1.seed=1234.timestamp=2023-01-07T00_37_18.newline-cut-custom-truncate.tsv	23.28	
bloom	flores_101_mt	flores-xglm-Arabic-Latin American Spanish	1	1234	newline-cut	2023-01-07T00_37_18	examples.model=bloom.task=flores_101_mt.templates=flores-xglm-Arabic-Latin American Spanish.fewshot=1.seed=1234.timestamp=2023-01-07T00_37_18.newline-cut.tsv	23.32	
bloom	flores_101_mt	flores-xglm-Arabic-Latin American Spanish	1	1234		2023-01-07T00_37_18	examples.model=bloom.task=flores_101_mt.templates=flores-xglm-Arabic-Latin American Spanish.fewshot=1.seed=1234.timestamp=2023-01-07T00_37_18.tsv	23.32	
bloom	flores_101_mt	flores-xglm-Arabic-simplified Chinese	1	1234	newline-cut-custom-truncate	2023-01-07T00_35_25	examples.model=bloom.task=flores_101_mt.templates=flores-xglm-Arabic-simplified Chinese.fewshot=1.seed=1234.timestamp=2023-01-07T00_35_25.newline-cut-custom-truncate.tsv	17.96	
bloom	flores_101_mt	flores-xglm-Arabic-simplified Chinese	1	1234	newline-cut	2023-01-07T00_35_25	examples.model=bloom.task=flores_101_mt.templates=flores-xglm-Arabic-simplified Chinese.fewshot=1.seed=1234.timestamp=2023-01-07T00_35_25.newline-cut.tsv	17.68	
bloom	flores_101_mt	flores-xglm-Arabic-simplified Chinese	1	1234		2023-01-07T00_35_25	examples.model=bloom.task=flores_101_mt.templates=flores-xglm-Arabic-simplified Chinese.fewshot=1.seed=1234.timestamp=2023-01-07T00_35_25.tsv	17.68	
bloom	flores_101_mt	flores-xglm-Bengali-English	1	1234	newline-cut-custom-truncate	2023-01-05T11_27_43	examples.model=bloom.task=flores_101_mt.templates=flores-xglm-Bengali-English.fewshot=1.seed=1234.timestamp=2023-01-05T11_27_43.newline-cut-custom-truncate.tsv	29.91	
bloom	flores_101_mt	flores-xglm-Bengali-English	1	1234	newline-cut	2023-01-05T11_27_43	examples.model=bloom.task=flores_101_mt.templates=flores-xglm-Bengali-English.fewshot=1.seed=1234.timestamp=2023-01-05T11_27_43.newline-cut.tsv	29.91	
bloom	flores_101_mt	flores-xglm-Bengali-English	1	1234		2023-01-05T11_27_43	examples.model=bloom.task=flores_101_mt.templates=flores-xglm-Bengali-English.fewshot=1.seed=1234.timestamp=2023-01-05T11_27_43.tsv	29.91	
bloom	flores_101_mt	flores-xglm-Bengali-Hindi	1	1234	newline-cut-custom-truncate	2023-01-07T11_20_45	examples.model=bloom.task=flores_101_mt.templates=flores-xglm-Bengali-Hindi.fewshot=1.seed=1234.timestamp=2023-01-07T11_20_45.newline-cut-custom-truncate.tsv	16.79	
bloom	flores_101_mt	flores-xglm-Bengali-Hindi	1	1234	newline-cut	2023-01-07T11_20_45	examples.model=bloom.task=flores_101_mt.templates=flores-xglm-Bengali-Hindi.fewshot=1.seed=1234.timestamp=2023-01-07T11_20_45.newline-cut.tsv	16.34	
bloom	flores_101_mt	flores-xglm-Bengali-Hindi	1	1234		2023-01-07T11_20_45	examples.model=bloom.task=flores_101_mt.templates=flores-xglm-Bengali-Hindi.fewshot=1.seed=1234.timestamp=2023-01-07T11_20_45.tsv	16.34	
bloom	flores_101_mt	flores-xglm-Brazilian Portuguese-Catalan	1	1234	newline-cut-custom-truncate	2023-01-07T16_00_34	examples.model=bloom.task=flores_101_mt.templates=flores-xglm-Brazilian Portuguese-Catalan.fewshot=1.seed=1234.timestamp=2023-01-07T16_00_34.newline-cut-custom-truncate.tsv	39.56	
bloom	flores_101_mt	flores-xglm-Brazilian Portuguese-Catalan	1	1234	newline-cut	2023-01-07T16_00_34	examples.model=bloom.task=flores_101_mt.templates=flores-xglm-Brazilian Portuguese-Catalan.fewshot=1.seed=1234.timestamp=2023-01-07T16_00_34.newline-cut.tsv	39.56	
bloom	flores_101_mt	flores-xglm-Brazilian Portuguese-Catalan	1	1234		2023-01-07T16_00_34	examples.model=bloom.task=flores_101_mt.templates=flores-xglm-Brazilian Portuguese-Catalan.fewshot=1.seed=1234.timestamp=2023-01-07T16_00_34.tsv	39.56	
bloom	flores_101_mt	flores-xglm-Brazilian Portuguese-French	1	1234	newline-cut-custom-truncate	2023-01-08T00_25_02	examples.model=bloom.task=flores_101_mt.templates=flores-xglm-Brazilian Portuguese-French.fewshot=1.seed=1234.timestamp=2023-01-08T00_25_02.newline-cut-custom-truncate.tsv	42.62	
bloom	flores_101_mt	flores-xglm-Brazilian Portuguese-French	1	1234	newline-cut	2023-01-08T00_25_02	examples.model=bloom.task=flores_101_mt.templates=flores-xglm-Brazilian Portuguese-French.fewshot=1.seed=1234.timestamp=2023-01-08T00_25_02.newline-cut.tsv	42.62	
bloom	flores_101_mt	flores-xglm-Brazilian Portuguese-French	1	1234		2023-01-08T00_25_02	examples.model=bloom.task=flores_101_mt.templates=flores-xglm-Brazilian Portuguese-French.fewshot=1.seed=1234.timestamp=2023-01-08T00_25_02.tsv	40.34	
bloom	flores_101_mt	flores-xglm-Brazilian Portuguese-Galician	1	1234	newline-cut-custom-truncate	2023-01-08T01_47_29	examples.model=bloom.task=flores_101_mt.templates=flores-xglm-Brazilian Portuguese-Galician.fewshot=1.seed=1234.timestamp=2023-01-08T01_47_29.newline-cut-custom-truncate.tsv	27.10	
bloom	flores_101_mt	flores-xglm-Brazilian Portuguese-Galician	1	1234	newline-cut	2023-01-08T01_47_29	examples.model=bloom.task=flores_101_mt.templates=flores-xglm-Brazilian Portuguese-Galician.fewshot=1.seed=1234.timestamp=2023-01-08T01_47_29.newline-cut.tsv	27.10	
bloom	flores_101_mt	flores-xglm-Brazilian Portuguese-Galician	1	1234		2023-01-08T01_47_29	examples.model=bloom.task=flores_101_mt.templates=flores-xglm-Brazilian Portuguese-Galician.fewshot=1.seed=1234.timestamp=2023-01-08T01_47_29.tsv	27.10	
bloom	flores_101_mt	flores-xglm-Brazilian Portuguese-Italian	1	1234	newline-cut-custom-truncate	2023-01-08T03_28_40	examples.model=bloom.task=flores_101_mt.templates=flores-xglm-Brazilian Portuguese-Italian.fewshot=1.seed=1234.timestamp=2023-01-08T03_28_40.newline-cut-custom-truncate.tsv	22.19	
bloom	flores_101_mt	flores-xglm-Brazilian Portuguese-Italian	1	1234	newline-cut	2023-01-08T03_28_40	examples.model=bloom.task=flores_101_mt.templates=flores-xglm-Brazilian Portuguese-Italian.fewshot=1.seed=1234.timestamp=2023-01-08T03_28_40.newline-cut.tsv	22.19	
bloom	flores_101_mt	flores-xglm-Brazilian Portuguese-Italian	1	1234		2023-01-08T03_28_40	examples.model=bloom.task=flores_101_mt.templates=flores-xglm-Brazilian Portuguese-Italian.fewshot=1.seed=1234.timestamp=2023-01-08T03_28_40.tsv	20.06	
bloom	flores_101_mt	flores-xglm-Brazilian Portuguese-Latin American Spanish	1	1234	newline-cut-custom-truncate	2023-01-07T16_01_57	examples.model=bloom.task=flores_101_mt.templates=flores-xglm-Brazilian Portuguese-Latin American Spanish.fewshot=1.seed=1234.timestamp=2023-01-07T16_01_57.newline-cut-custom-truncate.tsv	28.07	
bloom	flores_101_mt	flores-xglm-Brazilian Portuguese-Latin American Spanish	1	1234	newline-cut	2023-01-07T16_01_57	examples.model=bloom.task=flores_101_mt.templates=flores-xglm-Brazilian Portuguese-Latin American Spanish.fewshot=1.seed=1234.timestamp=2023-01-07T16_01_57.newline-cut.tsv	28.07	
bloom	flores_101_mt	flores-xglm-Brazilian Portuguese-Latin American Spanish	1	1234		2023-01-07T16_01_57	examples.model=bloom.task=flores_101_mt.templates=flores-xglm-Brazilian Portuguese-Latin American Spanish.fewshot=1.seed=1234.timestamp=2023-01-07T16_01_57.tsv	28.07	
bloom	flores_101_mt	flores-xglm-Catalan-Brazilian Portuguese	1	1234	newline-cut-custom-truncate	2023-01-07T16_00_34	examples.model=bloom.task=flores_101_mt.templates=flores-xglm-Catalan-Brazilian Portuguese.fewshot=1.seed=1234.timestamp=2023-01-07T16_00_34.newline-cut-custom-truncate.tsv	40.24	
bloom	flores_101_mt	flores-xglm-Catalan-Brazilian Portuguese	1	1234	newline-cut	2023-01-07T16_00_34	examples.model=bloom.task=flores_101_mt.templates=flores-xglm-Catalan-Brazilian Portuguese.fewshot=1.seed=1234.timestamp=2023-01-07T16_00_34.newline-cut.tsv	40.33	
bloom	flores_101_mt	flores-xglm-Catalan-Brazilian Portuguese	1	1234		2023-01-07T16_00_34	examples.model=bloom.task=flores_101_mt.templates=flores-xglm-Catalan-Brazilian Portuguese.fewshot=1.seed=1234.timestamp=2023-01-07T16_00_34.tsv	33.05	
bloom	flores_101_mt	flores-xglm-Catalan-French	1	1234	newline-cut-custom-truncate	2023-01-07T15_59_33	examples.model=bloom.task=flores_101_mt.templates=flores-xglm-Catalan-French.fewshot=1.seed=1234.timestamp=2023-01-07T15_59_33.newline-cut-custom-truncate.tsv	40.21	
bloom	flores_101_mt	flores-xglm-Catalan-French	1	1234	newline-cut	2023-01-07T15_59_33	examples.model=bloom.task=flores_101_mt.templates=flores-xglm-Catalan-French.fewshot=1.seed=1234.timestamp=2023-01-07T15_59_33.newline-cut.tsv	40.25	
bloom	flores_101_mt	flores-xglm-Catalan-French	1	1234		2023-01-07T15_59_33	examples.model=bloom.task=flores_101_mt.templates=flores-xglm-Catalan-French.fewshot=1.seed=1234.timestamp=2023-01-07T15_59_33.tsv	33.79	
bloom	flores_101_mt	flores-xglm-Catalan-Galician	1	1234	newline-cut-custom-truncate	2023-01-08T01_42_28	examples.model=bloom.task=flores_101_mt.templates=flores-xglm-Catalan-Galician.fewshot=1.seed=1234.timestamp=2023-01-08T01_42_28.newline-cut-custom-truncate.tsv	29.22	
bloom	flores_101_mt	flores-xglm-Catalan-Galician	1	1234	newline-cut	2023-01-08T01_42_28	examples.model=bloom.task=flores_101_mt.templates=flores-xglm-Catalan-Galician.fewshot=1.seed=1234.timestamp=2023-01-08T01_42_28.newline-cut.tsv	29.17	
bloom	flores_101_mt	flores-xglm-Catalan-Galician	1	1234		2023-01-08T01_42_28	examples.model=bloom.task=flores_101_mt.templates=flores-xglm-Catalan-Galician.fewshot=1.seed=1234.timestamp=2023-01-08T01_42_28.tsv	19.24	
bloom	flores_101_mt	flores-xglm-Catalan-Italian	1	1234	newline-cut-custom-truncate	2023-01-08T04_57_50	examples.model=bloom.task=flores_101_mt.templates=flores-xglm-Catalan-Italian.fewshot=1.seed=1234.timestamp=2023-01-08T04_57_50.newline-cut-custom-truncate.tsv	23.43	
bloom	flores_101_mt	flores-xglm-Catalan-Italian	1	1234	newline-cut	2023-01-08T04_57_50	examples.model=bloom.task=flores_101_mt.templates=flores-xglm-Catalan-Italian.fewshot=1.seed=1234.timestamp=2023-01-08T04_57_50.newline-cut.tsv	23.45	
bloom	flores_101_mt	flores-xglm-Catalan-Italian	1	1234		2023-01-08T04_57_50	examples.model=bloom.task=flores_101_mt.templates=flores-xglm-Catalan-Italian.fewshot=1.seed=1234.timestamp=2023-01-08T04_57_50.tsv	19.85	
bloom	flores_101_mt	flores-xglm-Catalan-Latin American Spanish	1	1234	newline-cut-custom-truncate	2023-01-07T15_59_57	examples.model=bloom.task=flores_101_mt.templates=flores-xglm-Catalan-Latin American Spanish.fewshot=1.seed=1234.timestamp=2023-01-07T15_59_57.newline-cut-custom-truncate.tsv	28.89	
bloom	flores_101_mt	flores-xglm-Catalan-Latin American Spanish	1	1234	newline-cut	2023-01-07T15_59_57	examples.model=bloom.task=flores_101_mt.templates=flores-xglm-Catalan-Latin American Spanish.fewshot=1.seed=1234.timestamp=2023-01-07T15_59_57.newline-cut.tsv	28.91	
bloom	flores_101_mt	flores-xglm-Catalan-Latin American Spanish	1	1234		2023-01-07T15_59_57	examples.model=bloom.task=flores_101_mt.templates=flores-xglm-Catalan-Latin American Spanish.fewshot=1.seed=1234.timestamp=2023-01-07T15_59_57.tsv	28.92	
bloom	flores_101_mt	flores-xglm-English-Arabic	1	1234	newline-cut-custom-truncate	2023-01-07T00_31_25	examples.model=bloom.task=flores_101_mt.templates=flores-xglm-English-Arabic.fewshot=1.seed=1234.timestamp=2023-01-07T00_31_25.newline-cut-custom-truncate.tsv	28.15	
bloom	flores_101_mt	flores-xglm-English-Arabic	1	1234	newline-cut	2023-01-07T00_31_25	examples.model=bloom.task=flores_101_mt.templates=flores-xglm-English-Arabic.fewshot=1.seed=1234.timestamp=2023-01-07T00_31_25.newline-cut.tsv	28.21	
bloom	flores_101_mt	flores-xglm-English-Arabic	1	1234		2023-01-07T00_31_25	examples.model=bloom.task=flores_101_mt.templates=flores-xglm-English-Arabic.fewshot=1.seed=1234.timestamp=2023-01-07T00_31_25.tsv	28.21	
bloom	flores_101_mt	flores-xglm-English-Bengali	1	1234	newline-cut-custom-truncate	2023-01-09T15_43_38	examples.model=bloom.task=flores_101_mt.templates=flores-xglm-English-Bengali.fewshot=1.seed=1234.timestamp=2023-01-09T15_43_38.newline-cut-custom-truncate.tsv	25.27	
bloom	flores_101_mt	flores-xglm-English-Bengali	1	1234	newline-cut	2023-01-09T15_43_38	examples.model=bloom.task=flores_101_mt.templates=flores-xglm-English-Bengali.fewshot=1.seed=1234.timestamp=2023-01-09T15_43_38.newline-cut.tsv	25.25	
bloom	flores_101_mt	flores-xglm-English-Bengali	1	1234		2023-01-09T15_43_38	examples.model=bloom.task=flores_101_mt.templates=flores-xglm-English-Bengali.fewshot=1.seed=1234.timestamp=2023-01-09T15_43_38.tsv	24.65	
bloom	flores_101_mt	flores-xglm-English-French	1	1234	newline-cut-custom-truncate	2023-01-06T01_50_40	examples.model=bloom.task=flores_101_mt.templates=flores-xglm-English-French.fewshot=1.seed=1234.timestamp=2023-01-06T01_50_40.newline-cut-custom-truncate.tsv	49.32	
bloom	flores_101_mt	flores-xglm-English-French	1	1234	newline-cut	2023-01-06T01_50_40	examples.model=bloom.task=flores_101_mt.templates=flores-xglm-English-French.fewshot=1.seed=1234.timestamp=2023-01-06T01_50_40.newline-cut.tsv	49.34	
bloom	flores_101_mt	flores-xglm-English-French	1	1234		2023-01-06T01_50_40	examples.model=bloom.task=flores_101_mt.templates=flores-xglm-English-French.fewshot=1.seed=1234.timestamp=2023-01-06T01_50_40.tsv	44.99	
bloom	flores_101_mt	flores-xglm-English-Hindi	1	1234	newline-cut-custom-truncate	2023-01-06T01_51_41	examples.model=bloom.task=flores_101_mt.templates=flores-xglm-English-Hindi.fewshot=1.seed=1234.timestamp=2023-01-06T01_51_41.newline-cut-custom-truncate.tsv	29.52	
bloom	flores_101_mt	flores-xglm-English-Hindi	1	1234	newline-cut	2023-01-06T01_51_41	examples.model=bloom.task=flores_101_mt.templates=flores-xglm-English-Hindi.fewshot=1.seed=1234.timestamp=2023-01-06T01_51_41.newline-cut.tsv	27.94	
bloom	flores_101_mt	flores-xglm-English-Hindi	1	1234		2023-01-06T01_51_41	examples.model=bloom.task=flores_101_mt.templates=flores-xglm-English-Hindi.fewshot=1.seed=1234.timestamp=2023-01-06T01_51_41.tsv	27.25	
bloom	flores_101_mt	flores-xglm-English-Indonesian	1	1234	newline-cut-custom-truncate	2023-01-06T14_37_31	examples.model=bloom.task=flores_101_mt.templates=flores-xglm-English-Indonesian.fewshot=1.seed=1234.timestamp=2023-01-06T14_37_31.newline-cut-custom-truncate.tsv	43.12	
bloom	flores_101_mt	flores-xglm-English-Indonesian	1	1234	newline-cut	2023-01-06T14_37_31	examples.model=bloom.task=flores_101_mt.templates=flores-xglm-English-Indonesian.fewshot=1.seed=1234.timestamp=2023-01-06T14_37_31.newline-cut.tsv	42.11	
bloom	flores_101_mt	flores-xglm-English-Indonesian	1	1234		2023-01-06T14_37_31	examples.model=bloom.task=flores_101_mt.templates=flores-xglm-English-Indonesian.fewshot=1.seed=1234.timestamp=2023-01-06T14_37_31.tsv	39.00	
bloom	flores_101_mt	flores-xglm-English-Latin American Spanish	1	1234	newline-cut-custom-truncate	2023-01-07T03_27_37	examples.model=bloom.task=flores_101_mt.templates=flores-xglm-English-Latin American Spanish.fewshot=1.seed=1234.timestamp=2023-01-07T03_27_37.newline-cut-custom-truncate.tsv	29.94	
bloom	flores_101_mt	flores-xglm-English-Latin American Spanish	1	1234	newline-cut	2023-01-07T03_27_37	examples.model=bloom.task=flores_101_mt.templates=flores-xglm-English-Latin American Spanish.fewshot=1.seed=1234.timestamp=2023-01-07T03_27_37.newline-cut.tsv	29.84	
bloom	flores_101_mt	flores-xglm-English-Latin American Spanish	1	1234		2023-01-07T03_27_37	examples.model=bloom.task=flores_101_mt.templates=flores-xglm-English-Latin American Spanish.fewshot=1.seed=1234.timestamp=2023-01-07T03_27_37.tsv	29.42	
bloom	flores_101_mt	flores-xglm-English-Swahili	1	1234	newline-cut-custom-truncate	2023-01-06T15_13_41	examples.model=bloom.task=flores_101_mt.templates=flores-xglm-English-Swahili.fewshot=1.seed=1234.timestamp=2023-01-06T15_13_41.newline-cut-custom-truncate.tsv	22.19	
bloom	flores_101_mt	flores-xglm-English-Swahili	1	1234	newline-cut	2023-01-06T15_13_41	examples.model=bloom.task=flores_101_mt.templates=flores-xglm-English-Swahili.fewshot=1.seed=1234.timestamp=2023-01-06T15_13_41.newline-cut.tsv	22.10	
bloom	flores_101_mt	flores-xglm-English-Swahili	1	1234		2023-01-06T15_13_41	examples.model=bloom.task=flores_101_mt.templates=flores-xglm-English-Swahili.fewshot=1.seed=1234.timestamp=2023-01-06T15_13_41.tsv	20.51	
bloom	flores_101_mt	flores-xglm-English-Vietnamese	1	1234	newline-cut-custom-truncate	2023-01-06T14_38_19	examples.model=bloom.task=flores_101_mt.templates=flores-xglm-English-Vietnamese.fewshot=1.seed=1234.timestamp=2023-01-06T14_38_19.newline-cut-custom-truncate.tsv	40.12	
bloom	flores_101_mt	flores-xglm-English-Vietnamese	1	1234	newline-cut	2023-01-06T14_38_19	examples.model=bloom.task=flores_101_mt.templates=flores-xglm-English-Vietnamese.fewshot=1.seed=1234.timestamp=2023-01-06T14_38_19.newline-cut.tsv	37.83	
bloom	flores_101_mt	flores-xglm-English-Vietnamese	1	1234		2023-01-06T14_38_19	examples.model=bloom.task=flores_101_mt.templates=flores-xglm-English-Vietnamese.fewshot=1.seed=1234.timestamp=2023-01-06T14_38_19.tsv	28.54	
bloom	flores_101_mt	flores-xglm-English-Yoruba	1	1234	newline-cut-custom-truncate	2023-01-06T15_47_20	examples.model=bloom.task=flores_101_mt.templates=flores-xglm-English-Yoruba.fewshot=1.seed=1234.timestamp=2023-01-06T15_47_20.newline-cut-custom-truncate.tsv	2.63	
bloom	flores_101_mt	flores-xglm-English-Yoruba	1	1234	newline-cut	2023-01-06T15_47_20	examples.model=bloom.task=flores_101_mt.templates=flores-xglm-English-Yoruba.fewshot=1.seed=1234.timestamp=2023-01-06T15_47_20.newline-cut.tsv	2.63	
bloom	flores_101_mt	flores-xglm-English-Yoruba	1	1234		2023-01-06T15_47_20	examples.model=bloom.task=flores_101_mt.templates=flores-xglm-English-Yoruba.fewshot=1.seed=1234.timestamp=2023-01-06T15_47_20.tsv	2.60	
bloom	flores_101_mt	flores-xglm-English-simplified Chinese	1	1234	newline-cut-custom-truncate	2023-01-07T02_47_06	examples.model=bloom.task=flores_101_mt.templates=flores-xglm-English-simplified Chinese.fewshot=1.seed=1234.timestamp=2023-01-07T02_47_06.newline-cut-custom-truncate.tsv	26.69	
bloom	flores_101_mt	flores-xglm-English-simplified Chinese	1	1234	newline-cut	2023-01-07T02_47_06	examples.model=bloom.task=flores_101_mt.templates=flores-xglm-English-simplified Chinese.fewshot=1.seed=1234.timestamp=2023-01-07T02_47_06.newline-cut.tsv	26.69	
bloom	flores_101_mt	flores-xglm-English-simplified Chinese	1	1234		2023-01-07T02_47_06	examples.model=bloom.task=flores_101_mt.templates=flores-xglm-English-simplified Chinese.fewshot=1.seed=1234.timestamp=2023-01-07T02_47_06.tsv	26.69	
bloom	flores_101_mt	flores-xglm-French-Arabic	1	1234	newline-cut-custom-truncate	2023-01-07T00_31_25	examples.model=bloom.task=flores_101_mt.templates=flores-xglm-French-Arabic.fewshot=1.seed=1234.timestamp=2023-01-07T00_31_25.newline-cut-custom-truncate.tsv	23.39	
bloom	flores_101_mt	flores-xglm-French-Arabic	1	1234	newline-cut	2023-01-07T00_31_25	examples.model=bloom.task=flores_101_mt.templates=flores-xglm-French-Arabic.fewshot=1.seed=1234.timestamp=2023-01-07T00_31_25.newline-cut.tsv	23.44	
bloom	flores_101_mt	flores-xglm-French-Arabic	1	1234		2023-01-07T00_31_25	examples.model=bloom.task=flores_101_mt.templates=flores-xglm-French-Arabic.fewshot=1.seed=1234.timestamp=2023-01-07T00_31_25.tsv	23.44	
bloom	flores_101_mt	flores-xglm-French-Brazilian Portuguese	1	1234	newline-cut-custom-truncate	2023-01-08T00_25_02	examples.model=bloom.task=flores_101_mt.templates=flores-xglm-French-Brazilian Portuguese.fewshot=1.seed=1234.timestamp=2023-01-08T00_25_02.newline-cut-custom-truncate.tsv	39.58	
bloom	flores_101_mt	flores-xglm-French-Brazilian Portuguese	1	1234	newline-cut	2023-01-08T00_25_02	examples.model=bloom.task=flores_101_mt.templates=flores-xglm-French-Brazilian Portuguese.fewshot=1.seed=1234.timestamp=2023-01-08T00_25_02.newline-cut.tsv	39.62	
bloom	flores_101_mt	flores-xglm-French-Brazilian Portuguese	1	1234		2023-01-08T00_25_02	examples.model=bloom.task=flores_101_mt.templates=flores-xglm-French-Brazilian Portuguese.fewshot=1.seed=1234.timestamp=2023-01-08T00_25_02.tsv	38.94	
bloom	flores_101_mt	flores-xglm-French-Catalan	1	1234	newline-cut-custom-truncate	2023-01-07T15_59_33	examples.model=bloom.task=flores_101_mt.templates=flores-xglm-French-Catalan.fewshot=1.seed=1234.timestamp=2023-01-07T15_59_33.newline-cut-custom-truncate.tsv	38.02	
bloom	flores_101_mt	flores-xglm-French-Catalan	1	1234	newline-cut	2023-01-07T15_59_33	examples.model=bloom.task=flores_101_mt.templates=flores-xglm-French-Catalan.fewshot=1.seed=1234.timestamp=2023-01-07T15_59_33.newline-cut.tsv	38.08	
bloom	flores_101_mt	flores-xglm-French-Catalan	1	1234		2023-01-07T15_59_33	examples.model=bloom.task=flores_101_mt.templates=flores-xglm-French-Catalan.fewshot=1.seed=1234.timestamp=2023-01-07T15_59_33.tsv	37.16	
bloom	flores_101_mt	flores-xglm-French-English	1	1234	newline-cut-custom-truncate	2023-01-06T01_45_47	examples.model=bloom.task=flores_101_mt.templates=flores-xglm-French-English.fewshot=1.seed=1234.timestamp=2023-01-06T01_45_47.newline-cut-custom-truncate.tsv	47.24	
bloom	flores_101_mt	flores-xglm-French-English	1	1234	newline-cut	2023-01-06T01_45_47	examples.model=bloom.task=flores_101_mt.templates=flores-xglm-French-English.fewshot=1.seed=1234.timestamp=2023-01-06T01_45_47.newline-cut.tsv	46.42	
bloom	flores_101_mt	flores-xglm-French-English	1	1234		2023-01-06T01_45_47	examples.model=bloom.task=flores_101_mt.templates=flores-xglm-French-English.fewshot=1.seed=1234.timestamp=2023-01-06T01_45_47.tsv	45.59	
bloom	flores_101_mt	flores-xglm-French-Galician	1	1234	newline-cut-custom-truncate	2023-01-08T01_42_28	examples.model=bloom.task=flores_101_mt.templates=flores-xglm-French-Galician.fewshot=1.seed=1234.timestamp=2023-01-08T01_42_28.newline-cut-custom-truncate.tsv	25.73	
bloom	flores_101_mt	flores-xglm-French-Galician	1	1234	newline-cut	2023-01-08T01_42_28	examples.model=bloom.task=flores_101_mt.templates=flores-xglm-French-Galician.fewshot=1.seed=1234.timestamp=2023-01-08T01_42_28.newline-cut.tsv	25.73	
bloom	flores_101_mt	flores-xglm-French-Galician	1	1234		2023-01-08T01_42_28	examples.model=bloom.task=flores_101_mt.templates=flores-xglm-French-Galician.fewshot=1.seed=1234.timestamp=2023-01-08T01_42_28.tsv	24.92	
bloom	flores_101_mt	flores-xglm-French-Hindi	1	1234	newline-cut-custom-truncate	2023-01-09T15_44_05	examples.model=bloom.task=flores_101_mt.templates=flores-xglm-French-Hindi.fewshot=1.seed=1234.timestamp=2023-01-09T15_44_05.newline-cut-custom-truncate.tsv	20.57	
bloom	flores_101_mt	flores-xglm-French-Hindi	1	1234	newline-cut	2023-01-09T15_44_05	examples.model=bloom.task=flores_101_mt.templates=flores-xglm-French-Hindi.fewshot=1.seed=1234.timestamp=2023-01-09T15_44_05.newline-cut.tsv	20.34	
bloom	flores_101_mt	flores-xglm-French-Hindi	1	1234		2023-01-09T15_44_05	examples.model=bloom.task=flores_101_mt.templates=flores-xglm-French-Hindi.fewshot=1.seed=1234.timestamp=2023-01-09T15_44_05.tsv	18.47	
bloom	flores_101_mt	flores-xglm-French-Indonesian	1	1234	newline-cut-custom-truncate	2023-01-06T14_45_11	examples.model=bloom.task=flores_101_mt.templates=flores-xglm-French-Indonesian.fewshot=1.seed=1234.timestamp=2023-01-06T14_45_11.newline-cut-custom-truncate.tsv	33.62	
bloom	flores_101_mt	flores-xglm-French-Indonesian	1	1234	newline-cut	2023-01-06T14_45_11	examples.model=bloom.task=flores_101_mt.templates=flores-xglm-French-Indonesian.fewshot=1.seed=1234.timestamp=2023-01-06T14_45_11.newline-cut.tsv	33.36	
bloom	flores_101_mt	flores-xglm-French-Indonesian	1	1234		2023-01-06T14_45_11	examples.model=bloom.task=flores_101_mt.templates=flores-xglm-French-Indonesian.fewshot=1.seed=1234.timestamp=2023-01-06T14_45_11.tsv	31.44	
bloom	flores_101_mt	flores-xglm-French-Italian	1	1234	newline-cut-custom-truncate	2023-01-08T03_22_40	examples.model=bloom.task=flores_101_mt.templates=flores-xglm-French-Italian.fewshot=1.seed=1234.timestamp=2023-01-08T03_22_40.newline-cut-custom-truncate.tsv	23.96	
bloom	flores_101_mt	flores-xglm-French-Italian	1	1234	newline-cut	2023-01-08T03_22_40	examples.model=bloom.task=flores_101_mt.templates=flores-xglm-French-Italian.fewshot=1.seed=1234.timestamp=2023-01-08T03_22_40.newline-cut.tsv	23.98	
bloom	flores_101_mt	flores-xglm-French-Italian	1	1234		2023-01-08T03_22_40	examples.model=bloom.task=flores_101_mt.templates=flores-xglm-French-Italian.fewshot=1.seed=1234.timestamp=2023-01-08T03_22_40.tsv	23.97	
bloom	flores_101_mt	flores-xglm-French-Latin American Spanish	1	1234	newline-cut-custom-truncate	2023-01-07T16_01_07	examples.model=bloom.task=flores_101_mt.templates=flores-xglm-French-Latin American Spanish.fewshot=1.seed=1234.timestamp=2023-01-07T16_01_07.newline-cut-custom-truncate.tsv	27.47	
bloom	flores_101_mt	flores-xglm-French-Latin American Spanish	1	1234	newline-cut	2023-01-07T16_01_07	examples.model=bloom.task=flores_101_mt.templates=flores-xglm-French-Latin American Spanish.fewshot=1.seed=1234.timestamp=2023-01-07T16_01_07.newline-cut.tsv	27.51	
bloom	flores_101_mt	flores-xglm-French-Latin American Spanish	1	1234		2023-01-07T16_01_07	examples.model=bloom.task=flores_101_mt.templates=flores-xglm-French-Latin American Spanish.fewshot=1.seed=1234.timestamp=2023-01-07T16_01_07.tsv	27.51	
bloom	flores_101_mt	flores-xglm-French-Vietnamese	1	1234	newline-cut-custom-truncate	2023-01-06T14_38_40	examples.model=bloom.task=flores_101_mt.templates=flores-xglm-French-Vietnamese.fewshot=1.seed=1234.timestamp=2023-01-06T14_38_40.newline-cut-custom-truncate.tsv	33.69	
bloom	flores_101_mt	flores-xglm-French-Vietnamese	1	1234	newline-cut	2023-01-06T14_38_40	examples.model=bloom.task=flores_101_mt.templates=flores-xglm-French-Vietnamese.fewshot=1.seed=1234.timestamp=2023-01-06T14_38_40.newline-cut.tsv	33.77	
bloom	flores_101_mt	flores-xglm-French-Vietnamese	1	1234		2023-01-06T14_38_40	examples.model=bloom.task=flores_101_mt.templates=flores-xglm-French-Vietnamese.fewshot=1.seed=1234.timestamp=2023-01-06T14_38_40.tsv	32.76	
bloom	flores_101_mt	flores-xglm-French-simplified Chinese	1	1234	newline-cut-custom-truncate	2023-01-07T01_55_16	examples.model=bloom.task=flores_101_mt.templates=flores-xglm-French-simplified Chinese.fewshot=1.seed=1234.timestamp=2023-01-07T01_55_16.newline-cut-custom-truncate.tsv	23.15	
bloom	flores_101_mt	flores-xglm-French-simplified Chinese	1	1234	newline-cut	2023-01-07T01_55_16	examples.model=bloom.task=flores_101_mt.templates=flores-xglm-French-simplified Chinese.fewshot=1.seed=1234.timestamp=2023-01-07T01_55_16.newline-cut.tsv	23.15	
bloom	flores_101_mt	flores-xglm-French-simplified Chinese	1	1234		2023-01-07T01_55_16	examples.model=bloom.task=flores_101_mt.templates=flores-xglm-French-simplified Chinese.fewshot=1.seed=1234.timestamp=2023-01-07T01_55_16.tsv	23.15	
bloom	flores_101_mt	flores-xglm-Galician-Brazilian Portuguese	1	1234	newline-cut-custom-truncate	2023-01-08T01_42_28	examples.model=bloom.task=flores_101_mt.templates=flores-xglm-Galician-Brazilian Portuguese.fewshot=1.seed=1234.timestamp=2023-01-08T01_42_28.newline-cut-custom-truncate.tsv	33.83	
bloom	flores_101_mt	flores-xglm-Galician-Brazilian Portuguese	1	1234	newline-cut	2023-01-08T01_42_28	examples.model=bloom.task=flores_101_mt.templates=flores-xglm-Galician-Brazilian Portuguese.fewshot=1.seed=1234.timestamp=2023-01-08T01_42_28.newline-cut.tsv	33.77	
bloom	flores_101_mt	flores-xglm-Galician-Brazilian Portuguese	1	1234		2023-01-08T01_42_28	examples.model=bloom.task=flores_101_mt.templates=flores-xglm-Galician-Brazilian Portuguese.fewshot=1.seed=1234.timestamp=2023-01-08T01_42_28.tsv	32.16	
bloom	flores_101_mt	flores-xglm-Galician-Catalan	1	1234	newline-cut-custom-truncate	2023-01-08T01_38_35	examples.model=bloom.task=flores_101_mt.templates=flores-xglm-Galician-Catalan.fewshot=1.seed=1234.timestamp=2023-01-08T01_38_35.newline-cut-custom-truncate.tsv	38.08	
bloom	flores_101_mt	flores-xglm-Galician-Catalan	1	1234	newline-cut	2023-01-08T01_38_35	examples.model=bloom.task=flores_101_mt.templates=flores-xglm-Galician-Catalan.fewshot=1.seed=1234.timestamp=2023-01-08T01_38_35.newline-cut.tsv	37.49	
bloom	flores_101_mt	flores-xglm-Galician-Catalan	1	1234		2023-01-08T01_38_35	examples.model=bloom.task=flores_101_mt.templates=flores-xglm-Galician-Catalan.fewshot=1.seed=1234.timestamp=2023-01-08T01_38_35.tsv	37.49	
bloom	flores_101_mt	flores-xglm-Galician-French	1	1234	newline-cut-custom-truncate	2023-01-08T01_42_28	examples.model=bloom.task=flores_101_mt.templates=flores-xglm-Galician-French.fewshot=1.seed=1234.timestamp=2023-01-08T01_42_28.newline-cut-custom-truncate.tsv	36.15	
bloom	flores_101_mt	flores-xglm-Galician-French	1	1234	newline-cut	2023-01-08T01_42_28	examples.model=bloom.task=flores_101_mt.templates=flores-xglm-Galician-French.fewshot=1.seed=1234.timestamp=2023-01-08T01_42_28.newline-cut.tsv	35.71	
bloom	flores_101_mt	flores-xglm-Galician-French	1	1234		2023-01-08T01_42_28	examples.model=bloom.task=flores_101_mt.templates=flores-xglm-Galician-French.fewshot=1.seed=1234.timestamp=2023-01-08T01_42_28.tsv	33.77	
bloom	flores_101_mt	flores-xglm-Galician-Italian	1	1234	newline-cut-custom-truncate	2023-01-08T03_13_24	examples.model=bloom.task=flores_101_mt.templates=flores-xglm-Galician-Italian.fewshot=1.seed=1234.timestamp=2023-01-08T03_13_24.newline-cut-custom-truncate.tsv	21.21	
bloom	flores_101_mt	flores-xglm-Galician-Italian	1	1234	newline-cut	2023-01-08T03_13_24	examples.model=bloom.task=flores_101_mt.templates=flores-xglm-Galician-Italian.fewshot=1.seed=1234.timestamp=2023-01-08T03_13_24.newline-cut.tsv	21.24	
bloom	flores_101_mt	flores-xglm-Galician-Italian	1	1234		2023-01-08T03_13_24	examples.model=bloom.task=flores_101_mt.templates=flores-xglm-Galician-Italian.fewshot=1.seed=1234.timestamp=2023-01-08T03_13_24.tsv	18.26	
bloom	flores_101_mt	flores-xglm-Galician-Latin American Spanish	1	1234	newline-cut-custom-truncate	2023-01-08T02_07_29	examples.model=bloom.task=flores_101_mt.templates=flores-xglm-Galician-Latin American Spanish.fewshot=1.seed=1234.timestamp=2023-01-08T02_07_29.newline-cut-custom-truncate.tsv	27.02	
bloom	flores_101_mt	flores-xglm-Galician-Latin American Spanish	1	1234	newline-cut	2023-01-08T02_07_29	examples.model=bloom.task=flores_101_mt.templates=flores-xglm-Galician-Latin American Spanish.fewshot=1.seed=1234.timestamp=2023-01-08T02_07_29.newline-cut.tsv	27.09	
bloom	flores_101_mt	flores-xglm-Galician-Latin American Spanish	1	1234		2023-01-08T02_07_29	examples.model=bloom.task=flores_101_mt.templates=flores-xglm-Galician-Latin American Spanish.fewshot=1.seed=1234.timestamp=2023-01-08T02_07_29.tsv	27.09	
bloom	flores_101_mt	flores-xglm-Hindi-Bengali	1	1234	newline-cut-custom-truncate	2023-01-07T11_20_44	examples.model=bloom.task=flores_101_mt.templates=flores-xglm-Hindi-Bengali.fewshot=1.seed=1234.timestamp=2023-01-07T11_20_44.newline-cut-custom-truncate.tsv	23.76	
bloom	flores_101_mt	flores-xglm-Hindi-Bengali	1	1234	newline-cut	2023-01-07T11_20_44	examples.model=bloom.task=flores_101_mt.templates=flores-xglm-Hindi-Bengali.fewshot=1.seed=1234.timestamp=2023-01-07T11_20_44.newline-cut.tsv	23.77	
bloom	flores_101_mt	flores-xglm-Hindi-Bengali	1	1234		2023-01-07T11_20_44	examples.model=bloom.task=flores_101_mt.templates=flores-xglm-Hindi-Bengali.fewshot=1.seed=1234.timestamp=2023-01-07T11_20_44.tsv	23.77	
bloom	flores_101_mt	flores-xglm-Hindi-English	1	1234	newline-cut-custom-truncate	2023-01-06T01_37_19	examples.model=bloom.task=flores_101_mt.templates=flores-xglm-Hindi-English.fewshot=1.seed=1234.timestamp=2023-01-06T01_37_19.newline-cut-custom-truncate.tsv	35.06	
bloom	flores_101_mt	flores-xglm-Hindi-English	1	1234	newline-cut	2023-01-06T01_37_19	examples.model=bloom.task=flores_101_mt.templates=flores-xglm-Hindi-English.fewshot=1.seed=1234.timestamp=2023-01-06T01_37_19.newline-cut.tsv	35.06	
bloom	flores_101_mt	flores-xglm-Hindi-English	1	1234		2023-01-06T01_37_19	examples.model=bloom.task=flores_101_mt.templates=flores-xglm-Hindi-English.fewshot=1.seed=1234.timestamp=2023-01-06T01_37_19.tsv	35.06	
bloom	flores_101_mt	flores-xglm-Hindi-French	1	1234	newline-cut-custom-truncate	2023-01-09T15_44_38	examples.model=bloom.task=flores_101_mt.templates=flores-xglm-Hindi-French.fewshot=1.seed=1234.timestamp=2023-01-09T15_44_38.newline-cut-custom-truncate.tsv	27.57	
bloom	flores_101_mt	flores-xglm-Hindi-French	1	1234	newline-cut	2023-01-09T15_44_38	examples.model=bloom.task=flores_101_mt.templates=flores-xglm-Hindi-French.fewshot=1.seed=1234.timestamp=2023-01-09T15_44_38.newline-cut.tsv	27.64	
bloom	flores_101_mt	flores-xglm-Hindi-French	1	1234		2023-01-09T15_44_38	examples.model=bloom.task=flores_101_mt.templates=flores-xglm-Hindi-French.fewshot=1.seed=1234.timestamp=2023-01-09T15_44_38.tsv	27.62	
bloom	flores_101_mt	flores-xglm-Indonesian-English	1	1234	newline-cut-custom-truncate	2023-01-06T14_38_19	examples.model=bloom.task=flores_101_mt.templates=flores-xglm-Indonesian-English.fewshot=1.seed=1234.timestamp=2023-01-06T14_38_19.newline-cut-custom-truncate.tsv	44.29	
bloom	flores_101_mt	flores-xglm-Indonesian-English	1	1234	newline-cut	2023-01-06T14_38_19	examples.model=bloom.task=flores_101_mt.templates=flores-xglm-Indonesian-English.fewshot=1.seed=1234.timestamp=2023-01-06T14_38_19.newline-cut.tsv	44.29	
bloom	flores_101_mt	flores-xglm-Indonesian-English	1	1234		2023-01-06T14_38_19	examples.model=bloom.task=flores_101_mt.templates=flores-xglm-Indonesian-English.fewshot=1.seed=1234.timestamp=2023-01-06T14_38_19.tsv	43.25	
bloom	flores_101_mt	flores-xglm-Indonesian-French	1	1234	newline-cut-custom-truncate	2023-01-06T14_39_40	examples.model=bloom.task=flores_101_mt.templates=flores-xglm-Indonesian-French.fewshot=1.seed=1234.timestamp=2023-01-06T14_39_40.newline-cut-custom-truncate.tsv	34.83	
bloom	flores_101_mt	flores-xglm-Indonesian-French	1	1234	newline-cut	2023-01-06T14_39_40	examples.model=bloom.task=flores_101_mt.templates=flores-xglm-Indonesian-French.fewshot=1.seed=1234.timestamp=2023-01-06T14_39_40.newline-cut.tsv	34.85	
bloom	flores_101_mt	flores-xglm-Indonesian-French	1	1234		2023-01-06T14_39_40	examples.model=bloom.task=flores_101_mt.templates=flores-xglm-Indonesian-French.fewshot=1.seed=1234.timestamp=2023-01-06T14_39_40.tsv	30.35	
bloom	flores_101_mt	flores-xglm-Italian-Brazilian Portuguese	1	1234	newline-cut-custom-truncate	2023-01-08T03_36_17	examples.model=bloom.task=flores_101_mt.templates=flores-xglm-Italian-Brazilian Portuguese.fewshot=1.seed=1234.timestamp=2023-01-08T03_36_17.newline-cut-custom-truncate.tsv	29.91	
bloom	flores_101_mt	flores-xglm-Italian-Brazilian Portuguese	1	1234	newline-cut	2023-01-08T03_36_17	examples.model=bloom.task=flores_101_mt.templates=flores-xglm-Italian-Brazilian Portuguese.fewshot=1.seed=1234.timestamp=2023-01-08T03_36_17.newline-cut.tsv	29.51	
bloom	flores_101_mt	flores-xglm-Italian-Brazilian Portuguese	1	1234		2023-01-08T03_36_17	examples.model=bloom.task=flores_101_mt.templates=flores-xglm-Italian-Brazilian Portuguese.fewshot=1.seed=1234.timestamp=2023-01-08T03_36_17.tsv	29.15	
bloom	flores_101_mt	flores-xglm-Italian-Catalan	1	1234	newline-cut-custom-truncate	2023-01-08T04_49_50	examples.model=bloom.task=flores_101_mt.templates=flores-xglm-Italian-Catalan.fewshot=1.seed=1234.timestamp=2023-01-08T04_49_50.newline-cut-custom-truncate.tsv	31.00	
bloom	flores_101_mt	flores-xglm-Italian-Catalan	1	1234	newline-cut	2023-01-08T04_49_50	examples.model=bloom.task=flores_101_mt.templates=flores-xglm-Italian-Catalan.fewshot=1.seed=1234.timestamp=2023-01-08T04_49_50.newline-cut.tsv	31.00	
bloom	flores_101_mt	flores-xglm-Italian-Catalan	1	1234		2023-01-08T04_49_50	examples.model=bloom.task=flores_101_mt.templates=flores-xglm-Italian-Catalan.fewshot=1.seed=1234.timestamp=2023-01-08T04_49_50.tsv	31.00	
bloom	flores_101_mt	flores-xglm-Italian-French	1	1234	newline-cut-custom-truncate	2023-01-08T03_21_40	examples.model=bloom.task=flores_101_mt.templates=flores-xglm-Italian-French.fewshot=1.seed=1234.timestamp=2023-01-08T03_21_40.newline-cut-custom-truncate.tsv	32.07	
bloom	flores_101_mt	flores-xglm-Italian-French	1	1234	newline-cut	2023-01-08T03_21_40	examples.model=bloom.task=flores_101_mt.templates=flores-xglm-Italian-French.fewshot=1.seed=1234.timestamp=2023-01-08T03_21_40.newline-cut.tsv	32.16	
bloom	flores_101_mt	flores-xglm-Italian-French	1	1234		2023-01-08T03_21_40	examples.model=bloom.task=flores_101_mt.templates=flores-xglm-Italian-French.fewshot=1.seed=1234.timestamp=2023-01-08T03_21_40.tsv	31.36	
bloom	flores_101_mt	flores-xglm-Italian-Galician	1	1234	newline-cut-custom-truncate	2023-01-08T03_14_08	examples.model=bloom.task=flores_101_mt.templates=flores-xglm-Italian-Galician.fewshot=1.seed=1234.timestamp=2023-01-08T03_14_08.newline-cut-custom-truncate.tsv	20.55	
bloom	flores_101_mt	flores-xglm-Italian-Galician	1	1234	newline-cut	2023-01-08T03_14_08	examples.model=bloom.task=flores_101_mt.templates=flores-xglm-Italian-Galician.fewshot=1.seed=1234.timestamp=2023-01-08T03_14_08.newline-cut.tsv	20.45	
bloom	flores_101_mt	flores-xglm-Italian-Galician	1	1234		2023-01-08T03_14_08	examples.model=bloom.task=flores_101_mt.templates=flores-xglm-Italian-Galician.fewshot=1.seed=1234.timestamp=2023-01-08T03_14_08.tsv	20.16	
bloom	flores_101_mt	flores-xglm-Italian-Latin American Spanish	1	1234	newline-cut-custom-truncate	2023-01-09T15_43_18	examples.model=bloom.task=flores_101_mt.templates=flores-xglm-Italian-Latin American Spanish.fewshot=1.seed=1234.timestamp=2023-01-09T15_43_18.newline-cut-custom-truncate.tsv	25.37	
bloom	flores_101_mt	flores-xglm-Italian-Latin American Spanish	1	1234	newline-cut	2023-01-09T15_43_18	examples.model=bloom.task=flores_101_mt.templates=flores-xglm-Italian-Latin American Spanish.fewshot=1.seed=1234.timestamp=2023-01-09T15_43_18.newline-cut.tsv	25.40	
bloom	flores_101_mt	flores-xglm-Italian-Latin American Spanish	1	1234		2023-01-09T15_43_18	examples.model=bloom.task=flores_101_mt.templates=flores-xglm-Italian-Latin American Spanish.fewshot=1.seed=1234.timestamp=2023-01-09T15_43_18.tsv	25.40	
bloom	flores_101_mt	flores-xglm-Latin American Spanish-Arabic	1	1234	newline-cut-custom-truncate	2023-01-07T01_52_20	examples.model=bloom.task=flores_101_mt.templates=flores-xglm-Latin American Spanish-Arabic.fewshot=1.seed=1234.timestamp=2023-01-07T01_52_20.newline-cut-custom-truncate.tsv	20.13	
bloom	flores_101_mt	flores-xglm-Latin American Spanish-Arabic	1	1234	newline-cut	2023-01-07T01_52_20	examples.model=bloom.task=flores_101_mt.templates=flores-xglm-Latin American Spanish-Arabic.fewshot=1.seed=1234.timestamp=2023-01-07T01_52_20.newline-cut.tsv	19.90	
bloom	flores_101_mt	flores-xglm-Latin American Spanish-Arabic	1	1234		2023-01-07T01_52_20	examples.model=bloom.task=flores_101_mt.templates=flores-xglm-Latin American Spanish-Arabic.fewshot=1.seed=1234.timestamp=2023-01-07T01_52_20.tsv	18.76	
bloom	flores_101_mt	flores-xglm-Latin American Spanish-Brazilian Portuguese	1	1234	newline-cut-custom-truncate	2023-01-07T16_01_38	examples.model=bloom.task=flores_101_mt.templates=flores-xglm-Latin American Spanish-Brazilian Portuguese.fewshot=1.seed=1234.timestamp=2023-01-07T16_01_38.newline-cut-custom-truncate.tsv	30.55	
bloom	flores_101_mt	flores-xglm-Latin American Spanish-Brazilian Portuguese	1	1234	newline-cut	2023-01-07T16_01_38	examples.model=bloom.task=flores_101_mt.templates=flores-xglm-Latin American Spanish-Brazilian Portuguese.fewshot=1.seed=1234.timestamp=2023-01-07T16_01_38.newline-cut.tsv	30.55	
bloom	flores_101_mt	flores-xglm-Latin American Spanish-Brazilian Portuguese	1	1234		2023-01-07T16_01_38	examples.model=bloom.task=flores_101_mt.templates=flores-xglm-Latin American Spanish-Brazilian Portuguese.fewshot=1.seed=1234.timestamp=2023-01-07T16_01_38.tsv	29.11	
bloom	flores_101_mt	flores-xglm-Latin American Spanish-Catalan	1	1234	newline-cut-custom-truncate	2023-01-07T15_59_57	examples.model=bloom.task=flores_101_mt.templates=flores-xglm-Latin American Spanish-Catalan.fewshot=1.seed=1234.timestamp=2023-01-07T15_59_57.newline-cut-custom-truncate.tsv	31.64	
bloom	flores_101_mt	flores-xglm-Latin American Spanish-Catalan	1	1234	newline-cut	2023-01-07T15_59_57	examples.model=bloom.task=flores_101_mt.templates=flores-xglm-Latin American Spanish-Catalan.fewshot=1.seed=1234.timestamp=2023-01-07T15_59_57.newline-cut.tsv	31.64	
bloom	flores_101_mt	flores-xglm-Latin American Spanish-Catalan	1	1234		2023-01-07T15_59_57	examples.model=bloom.task=flores_101_mt.templates=flores-xglm-Latin American Spanish-Catalan.fewshot=1.seed=1234.timestamp=2023-01-07T15_59_57.tsv	31.16	
bloom	flores_101_mt	flores-xglm-Latin American Spanish-English	1	1234	newline-cut-custom-truncate	2023-01-07T03_22_09	examples.model=bloom.task=flores_101_mt.templates=flores-xglm-Latin American Spanish-English.fewshot=1.seed=1234.timestamp=2023-01-07T03_22_09.newline-cut-custom-truncate.tsv	33.88	
bloom	flores_101_mt	flores-xglm-Latin American Spanish-English	1	1234	newline-cut	2023-01-07T03_22_09	examples.model=bloom.task=flores_101_mt.templates=flores-xglm-Latin American Spanish-English.fewshot=1.seed=1234.timestamp=2023-01-07T03_22_09.newline-cut.tsv	33.73	
bloom	flores_101_mt	flores-xglm-Latin American Spanish-English	1	1234		2023-01-07T03_22_09	examples.model=bloom.task=flores_101_mt.templates=flores-xglm-Latin American Spanish-English.fewshot=1.seed=1234.timestamp=2023-01-07T03_22_09.tsv	32.70	
bloom	flores_101_mt	flores-xglm-Latin American Spanish-French	1	1234	newline-cut-custom-truncate	2023-01-07T16_01_38	examples.model=bloom.task=flores_101_mt.templates=flores-xglm-Latin American Spanish-French.fewshot=1.seed=1234.timestamp=2023-01-07T16_01_38.newline-cut-custom-truncate.tsv	32.10	
bloom	flores_101_mt	flores-xglm-Latin American Spanish-French	1	1234	newline-cut	2023-01-07T16_01_38	examples.model=bloom.task=flores_101_mt.templates=flores-xglm-Latin American Spanish-French.fewshot=1.seed=1234.timestamp=2023-01-07T16_01_38.newline-cut.tsv	29.13	
bloom	flores_101_mt	flores-xglm-Latin American Spanish-French	1	1234		2023-01-07T16_01_38	examples.model=bloom.task=flores_101_mt.templates=flores-xglm-Latin American Spanish-French.fewshot=1.seed=1234.timestamp=2023-01-07T16_01_38.tsv	24.80	
bloom	flores_101_mt	flores-xglm-Latin American Spanish-Galician	1	1234	newline-cut-custom-truncate	2023-01-08T01_47_35	examples.model=bloom.task=flores_101_mt.templates=flores-xglm-Latin American Spanish-Galician.fewshot=1.seed=1234.timestamp=2023-01-08T01_47_35.newline-cut-custom-truncate.tsv	23.63	
bloom	flores_101_mt	flores-xglm-Latin American Spanish-Galician	1	1234	newline-cut	2023-01-08T01_47_35	examples.model=bloom.task=flores_101_mt.templates=flores-xglm-Latin American Spanish-Galician.fewshot=1.seed=1234.timestamp=2023-01-08T01_47_35.newline-cut.tsv	23.63	
bloom	flores_101_mt	flores-xglm-Latin American Spanish-Galician	1	1234		2023-01-08T01_47_35	examples.model=bloom.task=flores_101_mt.templates=flores-xglm-Latin American Spanish-Galician.fewshot=1.seed=1234.timestamp=2023-01-08T01_47_35.tsv	23.28	
bloom	flores_101_mt	flores-xglm-Latin American Spanish-Italian	1	1234	newline-cut-custom-truncate	2023-01-09T15_42_39	examples.model=bloom.task=flores_101_mt.templates=flores-xglm-Latin American Spanish-Italian.fewshot=1.seed=1234.timestamp=2023-01-09T15_42_39.newline-cut-custom-truncate.tsv	19.33	
bloom	flores_101_mt	flores-xglm-Latin American Spanish-Italian	1	1234	newline-cut	2023-01-09T15_42_39	examples.model=bloom.task=flores_101_mt.templates=flores-xglm-Latin American Spanish-Italian.fewshot=1.seed=1234.timestamp=2023-01-09T15_42_39.newline-cut.tsv	19.39	
bloom	flores_101_mt	flores-xglm-Latin American Spanish-Italian	1	1234		2023-01-09T15_42_39	examples.model=bloom.task=flores_101_mt.templates=flores-xglm-Latin American Spanish-Italian.fewshot=1.seed=1234.timestamp=2023-01-09T15_42_39.tsv	16.49	
bloom	flores_101_mt	flores-xglm-Latin American Spanish-simplified Chinese	1	1234	newline-cut-custom-truncate	2023-01-07T03_35_39	examples.model=bloom.task=flores_101_mt.templates=flores-xglm-Latin American Spanish-simplified Chinese.fewshot=1.seed=1234.timestamp=2023-01-07T03_35_39.newline-cut-custom-truncate.tsv	20.92	
bloom	flores_101_mt	flores-xglm-Latin American Spanish-simplified Chinese	1	1234	newline-cut	2023-01-07T03_35_39	examples.model=bloom.task=flores_101_mt.templates=flores-xglm-Latin American Spanish-simplified Chinese.fewshot=1.seed=1234.timestamp=2023-01-07T03_35_39.newline-cut.tsv	20.92	
bloom	flores_101_mt	flores-xglm-Latin American Spanish-simplified Chinese	1	1234		2023-01-07T03_35_39	examples.model=bloom.task=flores_101_mt.templates=flores-xglm-Latin American Spanish-simplified Chinese.fewshot=1.seed=1234.timestamp=2023-01-07T03_35_39.tsv	20.92	
bloom	flores_101_mt	flores-xglm-Swahili-English	1	1234	newline-cut-custom-truncate	2023-01-06T15_13_41	examples.model=bloom.task=flores_101_mt.templates=flores-xglm-Swahili-English.fewshot=1.seed=1234.timestamp=2023-01-06T15_13_41.newline-cut-custom-truncate.tsv	37.57	
bloom	flores_101_mt	flores-xglm-Swahili-English	1	1234	newline-cut	2023-01-06T15_13_41	examples.model=bloom.task=flores_101_mt.templates=flores-xglm-Swahili-English.fewshot=1.seed=1234.timestamp=2023-01-06T15_13_41.newline-cut.tsv	37.57	
bloom	flores_101_mt	flores-xglm-Swahili-English	1	1234		2023-01-06T15_13_41	examples.model=bloom.task=flores_101_mt.templates=flores-xglm-Swahili-English.fewshot=1.seed=1234.timestamp=2023-01-06T15_13_41.tsv	37.40	
bloom	flores_101_mt	flores-xglm-Swahili-Yoruba	1	1234	newline-cut-custom-truncate	2023-01-06T15_47_20	examples.model=bloom.task=flores_101_mt.templates=flores-xglm-Swahili-Yoruba.fewshot=1.seed=1234.timestamp=2023-01-06T15_47_20.newline-cut-custom-truncate.tsv	1.34	
bloom	flores_101_mt	flores-xglm-Swahili-Yoruba	1	1234	newline-cut	2023-01-06T15_47_20	examples.model=bloom.task=flores_101_mt.templates=flores-xglm-Swahili-Yoruba.fewshot=1.seed=1234.timestamp=2023-01-06T15_47_20.newline-cut.tsv	1.34	
bloom	flores_101_mt	flores-xglm-Swahili-Yoruba	1	1234		2023-01-06T15_47_20	examples.model=bloom.task=flores_101_mt.templates=flores-xglm-Swahili-Yoruba.fewshot=1.seed=1234.timestamp=2023-01-06T15_47_20.tsv	1.31	
bloom	flores_101_mt	flores-xglm-Vietnamese-English	1	1234	newline-cut-custom-truncate	2023-01-06T14_38_19	examples.model=bloom.task=flores_101_mt.templates=flores-xglm-Vietnamese-English.fewshot=1.seed=1234.timestamp=2023-01-06T14_38_19.newline-cut-custom-truncate.tsv	38.72	
bloom	flores_101_mt	flores-xglm-Vietnamese-English	1	1234	newline-cut	2023-01-06T14_38_19	examples.model=bloom.task=flores_101_mt.templates=flores-xglm-Vietnamese-English.fewshot=1.seed=1234.timestamp=2023-01-06T14_38_19.newline-cut.tsv	38.72	
bloom	flores_101_mt	flores-xglm-Vietnamese-English	1	1234		2023-01-06T14_38_19	examples.model=bloom.task=flores_101_mt.templates=flores-xglm-Vietnamese-English.fewshot=1.seed=1234.timestamp=2023-01-06T14_38_19.tsv	38.71	
bloom	flores_101_mt	flores-xglm-Vietnamese-French	1	1234	newline-cut-custom-truncate	2023-01-06T14_39_19	examples.model=bloom.task=flores_101_mt.templates=flores-xglm-Vietnamese-French.fewshot=1.seed=1234.timestamp=2023-01-06T14_39_19.newline-cut-custom-truncate.tsv	32.36	
bloom	flores_101_mt	flores-xglm-Vietnamese-French	1	1234	newline-cut	2023-01-06T14_39_19	examples.model=bloom.task=flores_101_mt.templates=flores-xglm-Vietnamese-French.fewshot=1.seed=1234.timestamp=2023-01-06T14_39_19.newline-cut.tsv	32.42	
bloom	flores_101_mt	flores-xglm-Vietnamese-French	1	1234		2023-01-06T14_39_19	examples.model=bloom.task=flores_101_mt.templates=flores-xglm-Vietnamese-French.fewshot=1.seed=1234.timestamp=2023-01-06T14_39_19.tsv	26.85	
bloom	flores_101_mt	flores-xglm-Yoruba-English	1	1234	newline-cut-custom-truncate	2023-01-06T15_47_20	examples.model=bloom.task=flores_101_mt.templates=flores-xglm-Yoruba-English.fewshot=1.seed=1234.timestamp=2023-01-06T15_47_20.newline-cut-custom-truncate.tsv	12.77	
bloom	flores_101_mt	flores-xglm-Yoruba-English	1	1234	newline-cut	2023-01-06T15_47_20	examples.model=bloom.task=flores_101_mt.templates=flores-xglm-Yoruba-English.fewshot=1.seed=1234.timestamp=2023-01-06T15_47_20.newline-cut.tsv	12.74	
bloom	flores_101_mt	flores-xglm-Yoruba-English	1	1234		2023-01-06T15_47_20	examples.model=bloom.task=flores_101_mt.templates=flores-xglm-Yoruba-English.fewshot=1.seed=1234.timestamp=2023-01-06T15_47_20.tsv	4.08	
bloom	flores_101_mt	flores-xglm-Yoruba-Swahili	1	1234	newline-cut-custom-truncate	2023-01-06T15_47_20	examples.model=bloom.task=flores_101_mt.templates=flores-xglm-Yoruba-Swahili.fewshot=1.seed=1234.timestamp=2023-01-06T15_47_20.newline-cut-custom-truncate.tsv	3.64	
bloom	flores_101_mt	flores-xglm-Yoruba-Swahili	1	1234	newline-cut	2023-01-06T15_47_20	examples.model=bloom.task=flores_101_mt.templates=flores-xglm-Yoruba-Swahili.fewshot=1.seed=1234.timestamp=2023-01-06T15_47_20.newline-cut.tsv	3.62	
bloom	flores_101_mt	flores-xglm-Yoruba-Swahili	1	1234		2023-01-06T15_47_20	examples.model=bloom.task=flores_101_mt.templates=flores-xglm-Yoruba-Swahili.fewshot=1.seed=1234.timestamp=2023-01-06T15_47_20.tsv	0.89	
bloom	flores_101_mt	flores-xglm-simplified Chinese-Arabic	1	1234	newline-cut-custom-truncate	2023-01-07T00_35_26	examples.model=bloom.task=flores_101_mt.templates=flores-xglm-simplified Chinese-Arabic.fewshot=1.seed=1234.timestamp=2023-01-07T00_35_26.newline-cut-custom-truncate.tsv	15.55	
bloom	flores_101_mt	flores-xglm-simplified Chinese-Arabic	1	1234	newline-cut	2023-01-07T00_35_26	examples.model=bloom.task=flores_101_mt.templates=flores-xglm-simplified Chinese-Arabic.fewshot=1.seed=1234.timestamp=2023-01-07T00_35_26.newline-cut.tsv	15.50	
bloom	flores_101_mt	flores-xglm-simplified Chinese-Arabic	1	1234		2023-01-07T00_35_26	examples.model=bloom.task=flores_101_mt.templates=flores-xglm-simplified Chinese-Arabic.fewshot=1.seed=1234.timestamp=2023-01-07T00_35_26.tsv	15.05	
bloom	flores_101_mt	flores-xglm-simplified Chinese-English	1	1234	newline-cut-custom-truncate	2023-01-07T03_19_55	examples.model=bloom.task=flores_101_mt.templates=flores-xglm-simplified Chinese-English.fewshot=1.seed=1234.timestamp=2023-01-07T03_19_55.newline-cut-custom-truncate.tsv	30.50	
bloom	flores_101_mt	flores-xglm-simplified Chinese-English	1	1234	newline-cut	2023-01-07T03_19_55	examples.model=bloom.task=flores_101_mt.templates=flores-xglm-simplified Chinese-English.fewshot=1.seed=1234.timestamp=2023-01-07T03_19_55.newline-cut.tsv	30.52	
bloom	flores_101_mt	flores-xglm-simplified Chinese-English	1	1234		2023-01-07T03_19_55	examples.model=bloom.task=flores_101_mt.templates=flores-xglm-simplified Chinese-English.fewshot=1.seed=1234.timestamp=2023-01-07T03_19_55.tsv	30.50	
bloom	flores_101_mt	flores-xglm-simplified Chinese-French	1	1234	newline-cut-custom-truncate	2023-01-07T01_56_37	examples.model=bloom.task=flores_101_mt.templates=flores-xglm-simplified Chinese-French.fewshot=1.seed=1234.timestamp=2023-01-07T01_56_37.newline-cut-custom-truncate.tsv	27.52	
bloom	flores_101_mt	flores-xglm-simplified Chinese-French	1	1234	newline-cut	2023-01-07T01_56_37	examples.model=bloom.task=flores_101_mt.templates=flores-xglm-simplified Chinese-French.fewshot=1.seed=1234.timestamp=2023-01-07T01_56_37.newline-cut.tsv	27.55	
bloom	flores_101_mt	flores-xglm-simplified Chinese-French	1	1234		2023-01-07T01_56_37	examples.model=bloom.task=flores_101_mt.templates=flores-xglm-simplified Chinese-French.fewshot=1.seed=1234.timestamp=2023-01-07T01_56_37.tsv	26.01	
bloom	flores_101_mt	flores-xglm-simplified Chinese-Latin American Spanish	1	1234	newline-cut-custom-truncate	2023-01-07T03_30_37	examples.model=bloom.task=flores_101_mt.templates=flores-xglm-simplified Chinese-Latin American Spanish.fewshot=1.seed=1234.timestamp=2023-01-07T03_30_37.newline-cut-custom-truncate.tsv	20.51	
bloom	flores_101_mt	flores-xglm-simplified Chinese-Latin American Spanish	1	1234	newline-cut	2023-01-07T03_30_37	examples.model=bloom.task=flores_101_mt.templates=flores-xglm-simplified Chinese-Latin American Spanish.fewshot=1.seed=1234.timestamp=2023-01-07T03_30_37.newline-cut.tsv	20.52	
bloom	flores_101_mt	flores-xglm-simplified Chinese-Latin American Spanish	1	1234		2023-01-07T03_30_37	examples.model=bloom.task=flores_101_mt.templates=flores-xglm-simplified Chinese-Latin American Spanish.fewshot=1.seed=1234.timestamp=2023-01-07T03_30_37.tsv	20.54	
bloom	flores_101_mt_fewshot_en2bn	flores-xglm-Bengali-English	1	1234	newline-cut-custom-truncate	2023-01-05T11_27_05	examples.model=bloom.task=flores_101_mt_fewshot_en2bn.templates=flores-xglm-Bengali-English.fewshot=1.seed=1234.timestamp=2023-01-05T11_27_05.newline-cut-custom-truncate.tsv	24.70	
bloom	flores_101_mt_fewshot_en2bn	flores-xglm-Bengali-English	1	1234	newline-cut	2023-01-05T11_27_05	examples.model=bloom.task=flores_101_mt_fewshot_en2bn.templates=flores-xglm-Bengali-English.fewshot=1.seed=1234.timestamp=2023-01-05T11_27_05.newline-cut.tsv	23.97	
bloom	flores_101_mt_fewshot_en2bn	flores-xglm-Bengali-English	1	1234		2023-01-05T11_27_05	examples.model=bloom.task=flores_101_mt_fewshot_en2bn.templates=flores-xglm-Bengali-English.fewshot=1.seed=1234.timestamp=2023-01-05T11_27_05.tsv	23.97	
bloom	flores_101_mt_fewshot_en2bn	flores-xglm-Bengali-English	1	1234	newline-cut-custom-truncate	2023-01-05T15_17_53	examples.model=bloom.task=flores_101_mt_fewshot_en2bn.templates=flores-xglm-Bengali-English.fewshot=1.seed=1234.timestamp=2023-01-05T15_17_53.newline-cut-custom-truncate.tsv	25.85	
bloom	flores_101_mt_fewshot_en2bn	flores-xglm-Bengali-English	1	1234	newline-cut	2023-01-05T15_17_53	examples.model=bloom.task=flores_101_mt_fewshot_en2bn.templates=flores-xglm-Bengali-English.fewshot=1.seed=1234.timestamp=2023-01-05T15_17_53.newline-cut.tsv	8.06	
bloom	flores_101_mt_fewshot_en2bn	flores-xglm-Bengali-English	1	1234		2023-01-05T15_17_53	examples.model=bloom.task=flores_101_mt_fewshot_en2bn.templates=flores-xglm-Bengali-English.fewshot=1.seed=1234.timestamp=2023-01-05T15_17_53.tsv	8.06	
bloom	flores_101_mt_fewshot_en2bn	flores-xglm-Bengali-English	1	1234	newline-cut-custom-truncate	2023-01-06T14_36_42	examples.model=bloom.task=flores_101_mt_fewshot_en2bn.templates=flores-xglm-Bengali-English.fewshot=1.seed=1234.timestamp=2023-01-06T14_36_42.newline-cut-custom-truncate.tsv	29.42	
bloom	flores_101_mt_fewshot_en2bn	flores-xglm-Bengali-English	1	1234	newline-cut	2023-01-06T14_36_42	examples.model=bloom.task=flores_101_mt_fewshot_en2bn.templates=flores-xglm-Bengali-English.fewshot=1.seed=1234.timestamp=2023-01-06T14_36_42.newline-cut.tsv	22.25	
bloom	flores_101_mt_fewshot_en2bn	flores-xglm-Bengali-English	1	1234		2023-01-06T14_36_42	examples.model=bloom.task=flores_101_mt_fewshot_en2bn.templates=flores-xglm-Bengali-English.fewshot=1.seed=1234.timestamp=2023-01-06T14_36_42.tsv	21.81	
bloom	flores_101_mt_fewshot_fr2ar	flores-xglm-Bengali-English	1	1234	newline-cut-custom-truncate	2022-12-26T17_01_06	examples.model=bloom.task=flores_101_mt_fewshot_fr2ar.templates=flores-xglm-Bengali-English.fewshot=1.seed=1234.timestamp=2022-12-26T17_01_06.newline-cut-custom-truncate.tsv	27.99	
bloom	flores_101_mt_fewshot_fr2ar	flores-xglm-Bengali-English	1	1234	newline-cut	2022-12-26T17_01_06	examples.model=bloom.task=flores_101_mt_fewshot_fr2ar.templates=flores-xglm-Bengali-English.fewshot=1.seed=1234.timestamp=2022-12-26T17_01_06.newline-cut.tsv	8.82	
bloom	flores_101_mt_fewshot_fr2ar	flores-xglm-Bengali-English	1	1234		2022-12-26T17_01_06	examples.model=bloom.task=flores_101_mt_fewshot_fr2ar.templates=flores-xglm-Bengali-English.fewshot=1.seed=1234.timestamp=2022-12-26T17_01_06.tsv	8.44	
bloom	flores_101_mt_fewshot_fr2en	flores-xglm-Bengali-English	1	1234	newline-cut-custom-truncate	2022-12-16T12_29_15	examples.model=bloom.task=flores_101_mt_fewshot_fr2en.templates=flores-xglm-Bengali-English.fewshot=1.seed=1234.timestamp=2022-12-16T12_29_15.newline-cut-custom-truncate.tsv	29.68	
bloom	flores_101_mt_fewshot_fr2en	flores-xglm-Bengali-English	1	1234	newline-cut	2022-12-16T12_29_15	examples.model=bloom.task=flores_101_mt_fewshot_fr2en.templates=flores-xglm-Bengali-English.fewshot=1.seed=1234.timestamp=2022-12-16T12_29_15.newline-cut.tsv	19.86	
bloom	flores_101_mt_fewshot_fr2en	flores-xglm-Bengali-English	1	1234		2022-12-16T12_29_15	examples.model=bloom.task=flores_101_mt_fewshot_fr2en.templates=flores-xglm-Bengali-English.fewshot=1.seed=1234.timestamp=2022-12-16T12_29_15.tsv	17.19	
bloom	flores_101_mt_fewshot_hi2en	flores-xglm-Bengali-English	1	1234	newline-cut-custom-truncate	2022-12-16T07_49_34	examples.model=bloom.task=flores_101_mt_fewshot_hi2en.templates=flores-xglm-Bengali-English.fewshot=1.seed=1234.timestamp=2022-12-16T07_49_34.newline-cut-custom-truncate.tsv	30.54	
bloom	flores_101_mt_fewshot_hi2en	flores-xglm-Bengali-English	1	1234	newline-cut	2022-12-16T07_49_34	examples.model=bloom.task=flores_101_mt_fewshot_hi2en.templates=flores-xglm-Bengali-English.fewshot=1.seed=1234.timestamp=2022-12-16T07_49_34.newline-cut.tsv	30.53	
bloom	flores_101_mt_fewshot_hi2en	flores-xglm-Bengali-English	1	1234		2022-12-16T07_49_34	examples.model=bloom.task=flores_101_mt_fewshot_hi2en.templates=flores-xglm-Bengali-English.fewshot=1.seed=1234.timestamp=2022-12-16T07_49_34.tsv	30.14	
bloom	flores_101_mt_fewshot_wmt_hi2en	flores-xglm-Bengali-English	1	1234	newline-cut-custom-truncate	2023-01-05T11_23_53	examples.model=bloom.task=flores_101_mt_fewshot_wmt_hi2en.templates=flores-xglm-Bengali-English.fewshot=1.seed=1234.timestamp=2023-01-05T11_23_53.newline-cut-custom-truncate.tsv	29.07	
bloom	flores_101_mt_fewshot_wmt_hi2en	flores-xglm-Bengali-English	1	1234	newline-cut	2023-01-05T11_23_53	examples.model=bloom.task=flores_101_mt_fewshot_wmt_hi2en.templates=flores-xglm-Bengali-English.fewshot=1.seed=1234.timestamp=2023-01-05T11_23_53.newline-cut.tsv	29.07	
bloom	flores_101_mt_fewshot_wmt_hi2en	flores-xglm-Bengali-English	1	1234		2023-01-05T11_23_53	examples.model=bloom.task=flores_101_mt_fewshot_wmt_hi2en.templates=flores-xglm-Bengali-English.fewshot=1.seed=1234.timestamp=2023-01-05T11_23_53.tsv	29.06	
mt0-xxl	flores_101_mt	flores-xglm-English-French	1	1234	newline-cut-custom-truncate	2023-02-09T08_28_32	examples.model=mt0-xxl.task=flores_101_mt.templates=flores-xglm-English-French.fewshot=1.seed=1234.timestamp=2023-02-09T08_28_32.newline-cut-custom-truncate.tsv	53.40	
mt0-xxl	flores_101_mt	flores-xglm-English-French	1	1234	newline-cut	2023-02-09T08_28_32	examples.model=mt0-xxl.task=flores_101_mt.templates=flores-xglm-English-French.fewshot=1.seed=1234.timestamp=2023-02-09T08_28_32.newline-cut.tsv	53.53	
mt0-xxl	flores_101_mt	flores-xglm-English-French	1	1234		2023-02-09T08_28_32	examples.model=mt0-xxl.task=flores_101_mt.templates=flores-xglm-English-French.fewshot=1.seed=1234.timestamp=2023-02-09T08_28_32.tsv	53.53	
mt0-xxl	flores_101_mt	flores-xglm-English-Hindi	1	1234	newline-cut-custom-truncate	2023-02-08T22_14_51	examples.model=mt0-xxl.task=flores_101_mt.templates=flores-xglm-English-Hindi.fewshot=1.seed=1234.timestamp=2023-02-08T22_14_51.newline-cut-custom-truncate.tsv	54.66	
mt0-xxl	flores_101_mt	flores-xglm-English-Hindi	1	1234	newline-cut	2023-02-08T22_14_51	examples.model=mt0-xxl.task=flores_101_mt.templates=flores-xglm-English-Hindi.fewshot=1.seed=1234.timestamp=2023-02-08T22_14_51.newline-cut.tsv	54.66	
mt0-xxl	flores_101_mt	flores-xglm-English-Hindi	1	1234		2023-02-08T22_14_51	examples.model=mt0-xxl.task=flores_101_mt.templates=flores-xglm-English-Hindi.fewshot=1.seed=1234.timestamp=2023-02-08T22_14_51.tsv	54.66	
mt0-xxl	flores_101_mt	flores-xglm-French-English	1	1234	newline-cut-custom-truncate	2023-02-09T08_28_32	examples.model=mt0-xxl.task=flores_101_mt.templates=flores-xglm-French-English.fewshot=1.seed=1234.timestamp=2023-02-09T08_28_32.newline-cut-custom-truncate.tsv	58.24	
mt0-xxl	flores_101_mt	flores-xglm-French-English	1	1234	newline-cut	2023-02-09T08_28_32	examples.model=mt0-xxl.task=flores_101_mt.templates=flores-xglm-French-English.fewshot=1.seed=1234.timestamp=2023-02-09T08_28_32.newline-cut.tsv	58.22	
mt0-xxl	flores_101_mt	flores-xglm-French-English	1	1234		2023-02-09T08_28_32	examples.model=mt0-xxl.task=flores_101_mt.templates=flores-xglm-French-English.fewshot=1.seed=1234.timestamp=2023-02-09T08_28_32.tsv	58.22	
mt0-xxl	flores_101_mt	flores-xglm-Hindi-English	1	1234	newline-cut-custom-truncate	2023-02-08T21_20_25	examples.model=mt0-xxl.task=flores_101_mt.templates=flores-xglm-Hindi-English.fewshot=1.seed=1234.timestamp=2023-02-08T21_20_25.newline-cut-custom-truncate.tsv	57.27	
mt0-xxl	flores_101_mt	flores-xglm-Hindi-English	1	1234	newline-cut	2023-02-08T21_20_25	examples.model=mt0-xxl.task=flores_101_mt.templates=flores-xglm-Hindi-English.fewshot=1.seed=1234.timestamp=2023-02-08T21_20_25.newline-cut.tsv	57.32	
mt0-xxl	flores_101_mt	flores-xglm-Hindi-English	1	1234		2023-02-08T21_20_25	examples.model=mt0-xxl.task=flores_101_mt.templates=flores-xglm-Hindi-English.fewshot=1.seed=1234.timestamp=2023-02-08T21_20_25.tsv	57.32	
opt	flores_101_mt	flores-xglm-English-French	1	1234	newline-cut-custom-truncate	2023-01-10T12_23_09	examples.model=opt.task=flores_101_mt.templates=flores-xglm-English-French.fewshot=1.seed=1234.timestamp=2023-01-10T12_23_09.newline-cut-custom-truncate.tsv	28.41	
opt	flores_101_mt	flores-xglm-English-French	1	1234	newline-cut	2023-01-10T12_23_09	examples.model=opt.task=flores_101_mt.templates=flores-xglm-English-French.fewshot=1.seed=1234.timestamp=2023-01-10T12_23_09.newline-cut.tsv	28.46	
opt	flores_101_mt	flores-xglm-English-French	1	1234		2023-01-10T12_23_09	examples.model=opt.task=flores_101_mt.templates=flores-xglm-English-French.fewshot=1.seed=1234.timestamp=2023-01-10T12_23_09.tsv	24.36	
opt	flores_101_mt	flores-xglm-English-Hindi	1	1234	newline-cut-custom-truncate	2023-01-10T12_23_09	examples.model=opt.task=flores_101_mt.templates=flores-xglm-English-Hindi.fewshot=1.seed=1234.timestamp=2023-01-10T12_23_09.newline-cut-custom-truncate.tsv	0.12	
opt	flores_101_mt	flores-xglm-English-Hindi	1	1234	newline-cut	2023-01-10T12_23_09	examples.model=opt.task=flores_101_mt.templates=flores-xglm-English-Hindi.fewshot=1.seed=1234.timestamp=2023-01-10T12_23_09.newline-cut.tsv	0.12	
opt	flores_101_mt	flores-xglm-English-Hindi	1	1234		2023-01-10T12_23_09	examples.model=opt.task=flores_101_mt.templates=flores-xglm-English-Hindi.fewshot=1.seed=1234.timestamp=2023-01-10T12_23_09.tsv	0.12	
opt	flores_101_mt	flores-xglm-French-English	1	1234	newline-cut-custom-truncate	2023-01-09T23_02_51	examples.model=opt.task=flores_101_mt.templates=flores-xglm-French-English.fewshot=1.seed=1234.timestamp=2023-01-09T23_02_51.newline-cut-custom-truncate.tsv	39.82	
opt	flores_101_mt	flores-xglm-French-English	1	1234	newline-cut	2023-01-09T23_02_51	examples.model=opt.task=flores_101_mt.templates=flores-xglm-French-English.fewshot=1.seed=1234.timestamp=2023-01-09T23_02_51.newline-cut.tsv	39.85	
opt	flores_101_mt	flores-xglm-French-English	1	1234		2023-01-09T23_02_51	examples.model=opt.task=flores_101_mt.templates=flores-xglm-French-English.fewshot=1.seed=1234.timestamp=2023-01-09T23_02_51.tsv	16.74	
opt	flores_101_mt	flores-xglm-Hindi-English	1	1234	newline-cut-custom-truncate	2023-01-10T12_23_09	examples.model=opt.task=flores_101_mt.templates=flores-xglm-Hindi-English.fewshot=1.seed=1234.timestamp=2023-01-10T12_23_09.newline-cut-custom-truncate.tsv	0.50	
opt	flores_101_mt	flores-xglm-Hindi-English	1	1234	newline-cut	2023-01-10T12_23_09	examples.model=opt.task=flores_101_mt.templates=flores-xglm-Hindi-English.fewshot=1.seed=1234.timestamp=2023-01-10T12_23_09.newline-cut.tsv	0.50	
opt	flores_101_mt	flores-xglm-Hindi-English	1	1234		2023-01-10T12_23_09	examples.model=opt.task=flores_101_mt.templates=flores-xglm-Hindi-English.fewshot=1.seed=1234.timestamp=2023-01-10T12_23_09.tsv	0.45	
t0	flores_101_mt	flores-xglm-English-French	1	1234	newline-cut-custom-truncate	2023-02-06T15_02_02	examples.model=t0.task=flores_101_mt.templates=flores-xglm-English-French.fewshot=1.seed=1234.timestamp=2023-02-06T15_02_02.newline-cut-custom-truncate.tsv	2.13	
t0	flores_101_mt	flores-xglm-English-French	1	1234	newline-cut	2023-02-06T15_02_02	examples.model=t0.task=flores_101_mt.templates=flores-xglm-English-French.fewshot=1.seed=1234.timestamp=2023-02-06T15_02_02.newline-cut.tsv	2.13	
t0	flores_101_mt	flores-xglm-English-French	1	1234		2023-02-06T15_02_02	examples.model=t0.task=flores_101_mt.templates=flores-xglm-English-French.fewshot=1.seed=1234.timestamp=2023-02-06T15_02_02.tsv	2.13	
t0	flores_101_mt	flores-xglm-English-Hindi	1	1234	newline-cut-custom-truncate	2023-02-06T14_59_06	examples.model=t0.task=flores_101_mt.templates=flores-xglm-English-Hindi.fewshot=1.seed=1234.timestamp=2023-02-06T14_59_06.newline-cut-custom-truncate.tsv	0.06	
t0	flores_101_mt	flores-xglm-English-Hindi	1	1234	newline-cut	2023-02-06T14_59_06	examples.model=t0.task=flores_101_mt.templates=flores-xglm-English-Hindi.fewshot=1.seed=1234.timestamp=2023-02-06T14_59_06.newline-cut.tsv	0.06	
t0	flores_101_mt	flores-xglm-English-Hindi	1	1234		2023-02-06T14_59_06	examples.model=t0.task=flores_101_mt.templates=flores-xglm-English-Hindi.fewshot=1.seed=1234.timestamp=2023-02-06T14_59_06.tsv	0.06	
t0	flores_101_mt	flores-xglm-French-English	1	1234	newline-cut-custom-truncate	2023-02-06T17_10_11	examples.model=t0.task=flores_101_mt.templates=flores-xglm-French-English.fewshot=1.seed=1234.timestamp=2023-02-06T17_10_11.newline-cut-custom-truncate.tsv	25.20	
t0	flores_101_mt	flores-xglm-French-English	1	1234	newline-cut	2023-02-06T17_10_11	examples.model=t0.task=flores_101_mt.templates=flores-xglm-French-English.fewshot=1.seed=1234.timestamp=2023-02-06T17_10_11.newline-cut.tsv	24.86	
t0	flores_101_mt	flores-xglm-French-English	1	1234		2023-02-06T17_10_11	examples.model=t0.task=flores_101_mt.templates=flores-xglm-French-English.fewshot=1.seed=1234.timestamp=2023-02-06T17_10_11.tsv	24.86	
t0	flores_101_mt	flores-xglm-Hindi-English	1	1234	newline-cut-custom-truncate	2023-02-06T14_33_38	examples.model=t0.task=flores_101_mt.templates=flores-xglm-Hindi-English.fewshot=1.seed=1234.timestamp=2023-02-06T14_33_38.newline-cut-custom-truncate.tsv	0.19	
t0	flores_101_mt	flores-xglm-Hindi-English	1	1234	newline-cut	2023-02-06T14_33_38	examples.model=t0.task=flores_101_mt.templates=flores-xglm-Hindi-English.fewshot=1.seed=1234.timestamp=2023-02-06T14_33_38.newline-cut.tsv	0.19	
t0	flores_101_mt	flores-xglm-Hindi-English	1	1234		2023-02-06T14_33_38	examples.model=t0.task=flores_101_mt.templates=flores-xglm-Hindi-English.fewshot=1.seed=1234.timestamp=2023-02-06T14_33_38.tsv	0.19	
t0pp	flores_101_mt	flores-xglm-English-French	1	1234	newline-cut-custom-truncate	2023-01-08T22_30_12	examples.model=t0pp.task=flores_101_mt.templates=flores-xglm-English-French.fewshot=1.seed=1234.timestamp=2023-01-08T22_30_12.newline-cut-custom-truncate.tsv	2.41	
t0pp	flores_101_mt	flores-xglm-English-French	1	1234	newline-cut	2023-01-08T22_30_12	examples.model=t0pp.task=flores_101_mt.templates=flores-xglm-English-French.fewshot=1.seed=1234.timestamp=2023-01-08T22_30_12.newline-cut.tsv	2.41	
t0pp	flores_101_mt	flores-xglm-English-French	1	1234		2023-01-08T22_30_12	examples.model=t0pp.task=flores_101_mt.templates=flores-xglm-English-French.fewshot=1.seed=1234.timestamp=2023-01-08T22_30_12.tsv	2.41	
t0pp	flores_101_mt	flores-xglm-English-Hindi	1	1234	newline-cut-custom-truncate	2023-01-08T22_05_56	examples.model=t0pp.task=flores_101_mt.templates=flores-xglm-English-Hindi.fewshot=1.seed=1234.timestamp=2023-01-08T22_05_56.newline-cut-custom-truncate.tsv	0.10	
t0pp	flores_101_mt	flores-xglm-English-Hindi	1	1234	newline-cut	2023-01-08T22_05_56	examples.model=t0pp.task=flores_101_mt.templates=flores-xglm-English-Hindi.fewshot=1.seed=1234.timestamp=2023-01-08T22_05_56.newline-cut.tsv	0.10	
t0pp	flores_101_mt	flores-xglm-English-Hindi	1	1234		2023-01-08T22_05_56	examples.model=t0pp.task=flores_101_mt.templates=flores-xglm-English-Hindi.fewshot=1.seed=1234.timestamp=2023-01-08T22_05_56.tsv	0.10	
t0pp	flores_101_mt	flores-xglm-French-English	1	1234	newline-cut-custom-truncate	2023-01-08T22_30_12	examples.model=t0pp.task=flores_101_mt.templates=flores-xglm-French-English.fewshot=1.seed=1234.timestamp=2023-01-08T22_30_12.newline-cut-custom-truncate.tsv	27.73	
t0pp	flores_101_mt	flores-xglm-French-English	1	1234	newline-cut	2023-01-08T22_30_12	examples.model=t0pp.task=flores_101_mt.templates=flores-xglm-French-English.fewshot=1.seed=1234.timestamp=2023-01-08T22_30_12.newline-cut.tsv	27.50	
t0pp	flores_101_mt	flores-xglm-French-English	1	1234		2023-01-08T22_30_12	examples.model=t0pp.task=flores_101_mt.templates=flores-xglm-French-English.fewshot=1.seed=1234.timestamp=2023-01-08T22_30_12.tsv	27.50	
t0pp	flores_101_mt	flores-xglm-Hindi-English	1	1234	newline-cut-custom-truncate	2023-01-08T22_29_15	examples.model=t0pp.task=flores_101_mt.templates=flores-xglm-Hindi-English.fewshot=1.seed=1234.timestamp=2023-01-08T22_29_15.newline-cut-custom-truncate.tsv	0.21	
t0pp	flores_101_mt	flores-xglm-Hindi-English	1	1234	newline-cut	2023-01-08T22_29_15	examples.model=t0pp.task=flores_101_mt.templates=flores-xglm-Hindi-English.fewshot=1.seed=1234.timestamp=2023-01-08T22_29_15.newline-cut.tsv	0.24	
t0pp	flores_101_mt	flores-xglm-Hindi-English	1	1234		2023-01-08T22_29_15	examples.model=t0pp.task=flores_101_mt.templates=flores-xglm-Hindi-English.fewshot=1.seed=1234.timestamp=2023-01-08T22_29_15.tsv	0.24	
